container,crop,rep,bay,reservoir_size_liters,plant,date,pH,EC,h2o_temp_C,d.o.,plant_height_cm,harvest_fresh_mass_g,harvest_dry_mass_g,PAR_CCT,PAR_CRI (Ra),PAR_DLI,PAR_ä½D (380~780 nm),PAR_ä½p (380~780 nm),PAR_Illuminance,PAR_PPFD (400 - 700 nm),PAR_PPFD B (400 - 499 nm),PAR_PPFD FR (701 - 780 nm),PAR_PPFD G (500 - 599 nm),PAR_PPFD R (600 - 700 nm),PAR_PPFD UV (380 - 399 nm),PAR_R/B,PAR_R/FR,PAR_YPFD (380 - 780 nm),PAR_YPFD (400 - 700 nm),PAR_YPFD B (400 - 499 nm),PAR_YPFD FR (701 - 780 nm),PAR_YPFD G (500 - 599 nm),PAR_YPFD R (600 - 700 nm),PAR_YPFD UV (380 - 399 nm),solution_K_ppmK,solution_Ca_ppmCA,solution_Mg_ppmMg,solution_Na_ppmNa,solution_P_ppmN,solution_S_ppmS,solution_Cl_ppmCl,solution_NH4N_ppmNH4N,solution_NO3N_ppmNO3N,solution_ALK_ppmCaCO3,solution_pH,solution_EC,solution_Urea_ppmurea,solution_Fe_ppm_Fe,solution_Mn_ppmMn,solution_B_ppmB,solution_Cu_ppmCu,solution_Zn_ppmAn,solution_Mo_ppmMo,solution_Al_ppmAl,tissue_N_%,tissue_P_%,tissue_K_%,tissue_Ca_%,tissue_Mg_%,tissue_S_ppm,tissue_Fe_ppm,tissue_Mn_ppm,tissue_B_ppm,tissue_Cu_ppm,tissue_Zn_ppm,tissue_Mo_ppm,tissue_Na_ppm,tissue_Al_ppm
FS2,basil,2,201,75,101,20181029,5.8,2.2,24,NA,13.5,NA,NA,0,0,22.978,0,662,4545,265.94,71.763,5.0467,14.346,179.85,0.2224,2.51,35.64,232.44,231.22,52.502,1.0917,12.664,166.07,0.1303,NA,NA,NA,NA,NA,NA,NA,NA,NA,NA,NA,NA,NA,NA,NA,NA,NA,NA,NA,NA,NA,NA,NA,NA,NA,NA,NA,NA,NA,NA,NA,NA,NA,NA
FS2,basil,2,201,75,102,20181029,5.8,2.2,24,NA,21,NA,NA,0,0,36.324,0,663,7290,420.42,114.73,7.9609,23.209,282.51,0.3064,2.46,35.49,367.18,365.26,83.916,1.7279,20.496,260.89,0.181,NA,NA,NA,NA,NA,NA,NA,NA,NA,NA,NA,NA,NA,NA,NA,NA,NA,NA,NA,NA,NA,NA,NA,NA,NA,NA,NA,NA,NA,NA,NA,NA,NA,NA
FS2,basil,2,201,75,103,20181029,5.8,2.2,24,NA,17.5,NA,NA,0,0,33.713,0,662,6715,390.2,109.33,6.9883,21.215,259.67,0.2621,2.38,37.16,340.27,338.62,79.968,1.5026,18.735,239.94,0.155,NA,NA,NA,NA,NA,NA,NA,NA,NA,NA,NA,NA,NA,NA,NA,NA,NA,NA,NA,NA,NA,NA,NA,NA,NA,NA,NA,NA,NA,NA,NA,NA,NA,NA
FS2,basil,2,201,75,104,20181029,5.8,2.2,24,NA,18,NA,NA,0,0,30.986,0,662,6323,358.64,102.19,6.8679,20.677,235.79,0.2469,2.31,34.33,312.41,310.81,74.739,1.4467,18.253,217.85,0.1459,NA,NA,NA,NA,NA,NA,NA,NA,NA,NA,NA,NA,NA,NA,NA,NA,NA,NA,NA,NA,NA,NA,NA,NA,NA,NA,NA,NA,NA,NA,NA,NA,NA,NA
FS2,basil,2,201,75,105,20181029,5.8,2.2,24,NA,20.5,NA,NA,0,0,32.874,0,662,6619,380.49,106.29,6.8723,21.336,252.87,0.2405,2.38,36.8,331.75,330.09,77.721,1.5137,18.845,233.55,0.1419,NA,NA,NA,NA,NA,NA,NA,NA,NA,NA,NA,NA,NA,NA,NA,NA,NA,NA,NA,NA,NA,NA,NA,NA,NA,NA,NA,NA,NA,NA,NA,NA,NA,NA
FS2,basil,2,201,75,106,20181029,5.8,2.2,24,NA,21,NA,NA,0,0,30.694,0,663,6170,355.25,99.864,6.9821,19.906,235.5,0.3122,2.36,33.73,309.61,307.97,73.013,1.4568,17.576,217.4,0.1834,NA,NA,NA,NA,NA,NA,NA,NA,NA,NA,NA,NA,NA,NA,NA,NA,NA,NA,NA,NA,NA,NA,NA,NA,NA,NA,NA,NA,NA,NA,NA,NA,NA,NA
FS2,basil,2,201,75,107,20181029,5.8,2.2,24,NA,24.5,NA,NA,0,0,38.57,0,663,7739,446.41,127.06,8.1252,24.499,294.88,0.3081,2.32,36.29,388.8,386.83,92.961,1.7739,21.639,272.27,0.1826,NA,NA,NA,NA,NA,NA,NA,NA,NA,NA,NA,NA,NA,NA,NA,NA,NA,NA,NA,NA,NA,NA,NA,NA,NA,NA,NA,NA,NA,NA,NA,NA,NA,NA
FS2,basil,2,201,75,108,20181029,5.8,2.2,24,NA,12,NA,NA,0,0,20.858,0,662,4462,241.41,66.334,4.9115,15.408,159.68,0.2069,2.41,32.51,210.84,209.68,48.523,1.0349,13.614,147.56,0.1232,NA,NA,NA,NA,NA,NA,NA,NA,NA,NA,NA,NA,NA,NA,NA,NA,NA,NA,NA,NA,NA,NA,NA,NA,NA,NA,NA,NA,NA,NA,NA,NA,NA,NA
FS2,basil,2,201,75,109,20181029,5.8,2.2,24,NA,27,NA,NA,0,0,44.06,0,665,9245,509.95,149.58,10.17,30.261,330.13,0.4054,2.21,32.46,443.19,440.76,109.42,2.1979,26.739,304.64,0.2386,NA,NA,NA,NA,NA,NA,NA,NA,NA,NA,NA,NA,NA,NA,NA,NA,NA,NA,NA,NA,NA,NA,NA,NA,NA,NA,NA,NA,NA,NA,NA,NA,NA,NA
FS2,basil,2,201,75,110,20181029,5.8,2.2,24,NA,15,NA,NA,0,0,29.233,0,662,6159,338.34,96.608,6.3981,20.886,220.87,0.2661,2.29,34.52,294.66,293.13,70.646,1.3714,18.453,204.06,0.1578,NA,NA,NA,NA,NA,NA,NA,NA,NA,NA,NA,NA,NA,NA,NA,NA,NA,NA,NA,NA,NA,NA,NA,NA,NA,NA,NA,NA,NA,NA,NA,NA,NA,NA
FS2,basil,2,201,75,111,20181029,5.8,2.2,24,NA,12,NA,NA,0,0,25.92,0,662,5553,300,83.448,5.7561,19.259,197.31,0.1851,2.36,34.28,261.65,260.31,61.021,1.2297,17.014,182.29,0.1105,NA,NA,NA,NA,NA,NA,NA,NA,NA,NA,NA,NA,NA,NA,NA,NA,NA,NA,NA,NA,NA,NA,NA,NA,NA,NA,NA,NA,NA,NA,NA,NA,NA,NA
FS2,basil,2,201,75,112,20181029,5.8,2.2,24,NA,12,NA,NA,0,0,20.201,0,662,4435,233.81,65.008,4.6222,15.795,153.02,0.1726,2.35,33.1,203.92,202.84,47.527,0.9839,13.957,141.37,0.1014,NA,NA,NA,NA,NA,NA,NA,NA,NA,NA,NA,NA,NA,NA,NA,NA,NA,NA,NA,NA,NA,NA,NA,NA,NA,NA,NA,NA,NA,NA,NA,NA,NA,NA
FS2,basil,2,201,75,113,20181029,5.8,2.2,24,NA,22,NA,NA,0,0,31.251,0,662,6133,361.7,99.373,6.4858,19.061,243.28,0.2453,2.45,37.51,315.77,314.22,72.702,1.4083,16.832,224.71,0.145,NA,NA,NA,NA,NA,NA,NA,NA,NA,NA,NA,NA,NA,NA,NA,NA,NA,NA,NA,NA,NA,NA,NA,NA,NA,NA,NA,NA,NA,NA,NA,NA,NA,NA
FS2,basil,2,201,75,114,20181029,5.8,2.2,24,NA,16,NA,NA,0,0,29.454,0,662,5892,340.9,92.544,6.2447,18.725,229.65,0.2839,2.48,36.77,297.89,296.36,67.699,1.3696,16.538,212.15,0.1668,NA,NA,NA,NA,NA,NA,NA,NA,NA,NA,NA,NA,NA,NA,NA,NA,NA,NA,NA,NA,NA,NA,NA,NA,NA,NA,NA,NA,NA,NA,NA,NA,NA,NA
FS2,basil,2,201,75,115,20181029,5.8,2.2,24,NA,17,NA,NA,0,0,29.75,0,662,5912,344.33,95.167,6.1461,18.604,230.58,0.2232,2.42,37.51,300.56,299.09,69.614,1.3397,16.428,213.07,0.1323,NA,NA,NA,NA,NA,NA,NA,NA,NA,NA,NA,NA,NA,NA,NA,NA,NA,NA,NA,NA,NA,NA,NA,NA,NA,NA,NA,NA,NA,NA,NA,NA,NA,NA
FS2,basil,2,201,75,116,20181029,5.8,2.2,24,NA,19,NA,NA,0,0,32.681,0,662,6554,378.25,104.68,6.789,20.864,252.73,0.2295,2.41,37.23,330.1,328.48,76.551,1.4885,18.421,233.53,0.1354,NA,NA,NA,NA,NA,NA,NA,NA,NA,NA,NA,NA,NA,NA,NA,NA,NA,NA,NA,NA,NA,NA,NA,NA,NA,NA,NA,NA,NA,NA,NA,NA,NA,NA
FS2,basil,2,201,75,117,20181029,5.8,2.2,24,NA,22.5,NA,NA,0,0,34.658,0,662,7106,401.14,114.86,6.9911,23.339,262.96,0.2808,2.29,37.61,349.27,347.57,83.992,1.5372,20.617,243,0.1649,NA,NA,NA,NA,NA,NA,NA,NA,NA,NA,NA,NA,NA,NA,NA,NA,NA,NA,NA,NA,NA,NA,NA,NA,NA,NA,NA,NA,NA,NA,NA,NA,NA,NA
FS2,basil,2,201,75,118,20181029,5.8,2.2,24,NA,26,NA,NA,0,0,34.822,0,663,7060,403.03,114.42,7.6154,23.062,265.58,0.3361,2.32,34.87,351.02,349.19,83.66,1.6322,20.382,245.18,0.2004,NA,NA,NA,NA,NA,NA,NA,NA,NA,NA,NA,NA,NA,NA,NA,NA,NA,NA,NA,NA,NA,NA,NA,NA,NA,NA,NA,NA,NA,NA,NA,NA,NA,NA
FS2,basil,2,202,150,201,20181029,5.8,2.3,25,NA,10,NA,NA,0,0,17.774,0,664,3560,205.72,52.079,4.2877,12.045,141.61,0.126,2.72,33.02,180.06,179.06,38.098,0.9232,10.644,130.33,0.0738,NA,NA,NA,NA,NA,NA,NA,NA,NA,NA,NA,NA,NA,NA,NA,NA,NA,NA,NA,NA,NA,NA,NA,NA,NA,NA,NA,NA,NA,NA,NA,NA,NA,NA
FS2,basil,2,202,150,202,20181029,5.8,2.3,25,NA,26,NA,NA,0,0,36.207,0,664,6943,419.06,112.48,8.2615,22.092,284.52,0.3815,2.53,34.44,365.59,363.55,82.31,1.8058,19.507,261.77,0.2259,NA,NA,NA,NA,NA,NA,NA,NA,NA,NA,NA,NA,NA,NA,NA,NA,NA,NA,NA,NA,NA,NA,NA,NA,NA,NA,NA,NA,NA,NA,NA,NA,NA,NA
FS2,basil,2,202,150,203,20181029,5.8,2.3,25,NA,25,NA,NA,0,0,33.019,0,663,6385,382.17,102.62,7.3754,20.772,258.79,0.3505,2.52,35.09,333.42,331.61,75.098,1.6067,18.334,238.21,0.2069,NA,NA,NA,NA,NA,NA,NA,NA,NA,NA,NA,NA,NA,NA,NA,NA,NA,NA,NA,NA,NA,NA,NA,NA,NA,NA,NA,NA,NA,NA,NA,NA,NA,NA
FS2,basil,2,202,150,204,20181029,5.8,2.3,25,NA,14,NA,NA,0,0,24.538,0,663,4795,284.01,79.449,5.7256,15.762,188.81,0.1624,2.38,32.98,247.2,245.89,58.143,1.2124,13.92,173.85,0.0968,NA,NA,NA,NA,NA,NA,NA,NA,NA,NA,NA,NA,NA,NA,NA,NA,NA,NA,NA,NA,NA,NA,NA,NA,NA,NA,NA,NA,NA,NA,NA,NA,NA,NA
FS2,basil,2,202,150,205,20181029,5.8,2.3,25,NA,18,NA,NA,0,0,27.648,0,663,5488,320,90.335,6.3644,18.426,211.26,0.3097,2.34,33.19,278.45,276.89,66.12,1.3763,16.267,194.53,0.1826,NA,NA,NA,NA,NA,NA,NA,NA,NA,NA,NA,NA,NA,NA,NA,NA,NA,NA,NA,NA,NA,NA,NA,NA,NA,NA,NA,NA,NA,NA,NA,NA,NA,NA
FS2,basil,2,202,150,206,20181029,5.8,2.3,25,NA,18,NA,NA,0,0,24.734,0,663,4971,286.28,82.141,5.5433,16.887,187.27,0.2048,2.28,33.78,248.8,247.49,60.123,1.191,14.914,172.47,0.122,NA,NA,NA,NA,NA,NA,NA,NA,NA,NA,NA,NA,NA,NA,NA,NA,NA,NA,NA,NA,NA,NA,NA,NA,NA,NA,NA,NA,NA,NA,NA,NA,NA,NA
FS2,basil,2,202,150,207,20181029,5.8,2.3,25,NA,12,NA,NA,0,0,20.224,0,664,3891,234.08,62.561,4.4818,12.523,159.01,0.1444,2.54,35.48,204.22,203.15,45.769,0.9819,11.058,146.35,0.0856,NA,NA,NA,NA,NA,NA,NA,NA,NA,NA,NA,NA,NA,NA,NA,NA,NA,NA,NA,NA,NA,NA,NA,NA,NA,NA,NA,NA,NA,NA,NA,NA,NA,NA
FS2,basil,2,202,150,208,20181029,5.8,2.3,25,NA,24,NA,NA,0,0,34.427,0,664,6692,398.46,105.59,7.9854,21.884,271.02,0.344,2.57,33.94,347.85,345.9,77.248,1.7344,19.324,249.37,0.2033,NA,NA,NA,NA,NA,NA,NA,NA,NA,NA,NA,NA,NA,NA,NA,NA,NA,NA,NA,NA,NA,NA,NA,NA,NA,NA,NA,NA,NA,NA,NA,NA,NA,NA
FS2,basil,2,202,150,209,20181029,5.8,2.3,25,NA,22,NA,NA,0,0,34.104,0,663,6838,394.73,108.64,7.4621,23.089,263.03,0.2957,2.42,35.25,343.9,342.09,79.5,1.6321,20.394,242.23,0.1759,NA,NA,NA,NA,NA,NA,NA,NA,NA,NA,NA,NA,NA,NA,NA,NA,NA,NA,NA,NA,NA,NA,NA,NA,NA,NA,NA,NA,NA,NA,NA,NA,NA,NA
FS2,basil,2,202,150,210,20181029,5.8,2.3,25,NA,18,NA,NA,0,0,30.404,0,663,6229,351.9,99.43,6.9592,21.622,230.86,0.2281,2.32,33.17,306.07,304.45,72.776,1.4826,19.094,212.61,0.1355,NA,NA,NA,NA,NA,NA,NA,NA,NA,NA,NA,NA,NA,NA,NA,NA,NA,NA,NA,NA,NA,NA,NA,NA,NA,NA,NA,NA,NA,NA,NA,NA,NA,NA
FS2,basil,2,202,150,211,20181029,5.8,2.3,25,NA,17,NA,NA,0,0,25.832,0,663,5442,298.98,83.912,5.8274,19.489,195.59,0.1395,2.33,33.56,260.11,258.76,61.419,1.2606,17.213,180.15,0.0839,NA,NA,NA,NA,NA,NA,NA,NA,NA,NA,NA,NA,NA,NA,NA,NA,NA,NA,NA,NA,NA,NA,NA,NA,NA,NA,NA,NA,NA,NA,NA,NA,NA,NA
FS2,basil,2,202,150,212,20181029,5.8,2.3,25,NA,15,NA,NA,0,0,20.702,0,663,4447,239.61,67.948,4.9011,16.198,155.48,0.1951,2.29,31.72,208.43,207.27,49.732,1.0433,14.303,143.25,0.1155,NA,NA,NA,NA,NA,NA,NA,NA,NA,NA,NA,NA,NA,NA,NA,NA,NA,NA,NA,NA,NA,NA,NA,NA,NA,NA,NA,NA,NA,NA,NA,NA,NA,NA
FS2,basil,2,202,150,213,20181029,5.8,2.3,25,NA,21,NA,NA,0,0,25.794,0,663,4816,298.54,78.472,6.0255,14.922,205.17,0.2536,2.61,34.05,260.8,259.36,57.416,1.2845,13.166,188.81,0.1498,NA,NA,NA,NA,NA,NA,NA,NA,NA,NA,NA,NA,NA,NA,NA,NA,NA,NA,NA,NA,NA,NA,NA,NA,NA,NA,NA,NA,NA,NA,NA,NA,NA,NA
FS2,basil,2,202,150,214,20181029,5.8,2.3,25,NA,17,NA,NA,0,0,25.287,0,663,4971,292.67,78.333,6.1808,16.456,197.9,0.2293,2.53,32.02,255.42,253.98,57.314,1.3051,14.529,182.16,0.1364,NA,NA,NA,NA,NA,NA,NA,NA,NA,NA,NA,NA,NA,NA,NA,NA,NA,NA,NA,NA,NA,NA,NA,NA,NA,NA,NA,NA,NA,NA,NA,NA,NA,NA
FS2,basil,2,202,150,215,20181029,5.8,2.3,25,NA,28,NA,NA,0,0,29.805,0,664,5830,344.96,90.187,6.9749,19.245,235.55,0.2241,2.61,33.77,301.39,299.75,65.99,1.5038,16.998,216.79,0.1314,NA,NA,NA,NA,NA,NA,NA,NA,NA,NA,NA,NA,NA,NA,NA,NA,NA,NA,NA,NA,NA,NA,NA,NA,NA,NA,NA,NA,NA,NA,NA,NA,NA,NA
FS2,basil,2,202,150,216,20181029,5.8,2.3,25,NA,14,NA,NA,0,0,24.387,0,663,4886,282.25,79.937,5.4088,16.5,185.83,0.1777,2.32,34.36,245.48,244.21,58.508,1.1682,14.563,171.16,0.1051,NA,NA,NA,NA,NA,NA,NA,NA,NA,NA,NA,NA,NA,NA,NA,NA,NA,NA,NA,NA,NA,NA,NA,NA,NA,NA,NA,NA,NA,NA,NA,NA,NA,NA
FS2,basil,2,202,150,217,20181029,5.8,2.3,25,NA,19.5,NA,NA,0,0,28.223,0,663,5716,326.66,93.425,6.0609,19.56,213.69,0.22,2.29,35.26,283.94,282.47,68.386,1.3441,17.27,196.84,0.1287,NA,NA,NA,NA,NA,NA,NA,NA,NA,NA,NA,NA,NA,NA,NA,NA,NA,NA,NA,NA,NA,NA,NA,NA,NA,NA,NA,NA,NA,NA,NA,NA,NA,NA
FS2,basil,2,202,150,218,20181029,5.8,2.3,25,NA,17,NA,NA,0,0,21.057,0,663,4278,243.71,69.428,4.5385,14.704,159.6,0.2048,2.3,35.16,211.92,210.79,50.82,1.0066,12.979,147.01,0.1213,NA,NA,NA,NA,NA,NA,NA,NA,NA,NA,NA,NA,NA,NA,NA,NA,NA,NA,NA,NA,NA,NA,NA,NA,NA,NA,NA,NA,NA,NA,NA,NA,NA,NA
FS2,basil,2,203,75,301,20181029,5.9,2.1,25,NA,21,NA,NA,0,0,34.41,0,664,6477,398.26,108.62,7.6335,20.149,269.52,0.2901,2.48,35.31,347.11,345.22,79.447,1.701,17.794,248.02,0.1737,NA,NA,NA,NA,NA,NA,NA,NA,NA,NA,NA,NA,NA,NA,NA,NA,NA,NA,NA,NA,NA,NA,NA,NA,NA,NA,NA,NA,NA,NA,NA,NA,NA,NA
FS2,basil,2,203,75,302,20181029,5.9,2.1,25,NA,25,NA,NA,0,0,38.359,0,665,7615,443.97,122.4,8.6698,25.036,296.55,0.3183,2.42,34.2,386.6,384.51,89.519,1.9057,22.119,272.9,0.1903,NA,NA,NA,NA,NA,NA,NA,NA,NA,NA,NA,NA,NA,NA,NA,NA,NA,NA,NA,NA,NA,NA,NA,NA,NA,NA,NA,NA,NA,NA,NA,NA,NA,NA
FS2,basil,2,203,75,303,20181029,5.9,2.1,25,NA,26,NA,NA,0,0,34.283,0,663,6900,396.8,105.55,7.4718,23.037,268.25,0.2635,2.54,35.9,346.53,344.72,77.211,1.6511,20.366,247.18,0.1573,NA,NA,NA,NA,NA,NA,NA,NA,NA,NA,NA,NA,NA,NA,NA,NA,NA,NA,NA,NA,NA,NA,NA,NA,NA,NA,NA,NA,NA,NA,NA,NA,NA,NA
FS2,basil,2,203,75,304,20181029,5.9,2.1,25,NA,18,NA,NA,0,0,30.958,0,663,6253,358.31,98.995,6.425,20.913,238.42,0.2508,2.41,37.11,312.35,310.75,72.44,1.452,18.479,219.86,0.1478,NA,NA,NA,NA,NA,NA,NA,NA,NA,NA,NA,NA,NA,NA,NA,NA,NA,NA,NA,NA,NA,NA,NA,NA,NA,NA,NA,NA,NA,NA,NA,NA,NA,NA
FS2,basil,2,203,75,305,20181029,5.9,2.1,25,NA,14,NA,NA,0,0,32.314,0,663,6399,374,103.34,7.2424,20.947,249.74,0.2667,2.42,34.48,326.03,324.33,75.618,1.545,18.494,230.25,0.1563,NA,NA,NA,NA,NA,NA,NA,NA,NA,NA,NA,NA,NA,NA,NA,NA,NA,NA,NA,NA,NA,NA,NA,NA,NA,NA,NA,NA,NA,NA,NA,NA,NA,NA
FS2,basil,2,203,75,306,20181029,5.9,2.1,25,NA,23,NA,NA,0,0,20.212,0,663,3952,233.93,64.52,4.1677,12.735,156.69,0.1688,2.43,37.6,203.93,202.9,47.211,0.9262,11.246,144.46,0.1008,NA,NA,NA,NA,NA,NA,NA,NA,NA,NA,NA,NA,NA,NA,NA,NA,NA,NA,NA,NA,NA,NA,NA,NA,NA,NA,NA,NA,NA,NA,NA,NA,NA,NA
FS2,basil,2,203,75,307,20181029,5.9,2.1,25,NA,19.5,NA,NA,0,0,32.311,0,663,6089,373.97,97.341,7.1087,18.91,257.74,0.3461,2.65,36.26,326.91,325.14,71.197,1.574,16.704,237.26,0.2042,NA,NA,NA,NA,NA,NA,NA,NA,NA,NA,NA,NA,NA,NA,NA,NA,NA,NA,NA,NA,NA,NA,NA,NA,NA,NA,NA,NA,NA,NA,NA,NA,NA,NA
FS2,basil,2,203,75,308,20181029,5.9,2.1,25,NA,23.5,NA,NA,0,0,40.412,0,665,8062,467.73,131.87,8.9708,26.287,309.6,0.3562,2.35,34.51,406.74,404.51,96.461,2.0257,23.22,284.86,0.2106,NA,NA,NA,NA,NA,NA,NA,NA,NA,NA,NA,NA,NA,NA,NA,NA,NA,NA,NA,NA,NA,NA,NA,NA,NA,NA,NA,NA,NA,NA,NA,NA,NA,NA
FS2,basil,2,203,75,309,20181029,5.9,2.1,25,NA,31,NA,NA,0,0,46.882,0,666,9754,542.61,159.83,11.348,32.67,350.15,0.4701,2.19,30.86,470.31,467.47,116.93,2.5587,28.861,321.73,0.2775,NA,NA,NA,NA,NA,NA,NA,NA,NA,NA,NA,NA,NA,NA,NA,NA,NA,NA,NA,NA,NA,NA,NA,NA,NA,NA,NA,NA,NA,NA,NA,NA,NA,NA
FS2,basil,2,203,75,310,20181029,5.9,2.1,25,NA,18,NA,NA,0,0,34.275,0,663,6943,396.7,111.21,7.4851,23.373,262.14,0.3144,2.36,35.02,345.56,343.73,81.381,1.6474,20.664,241.72,0.1877,NA,NA,NA,NA,NA,NA,NA,NA,NA,NA,NA,NA,NA,NA,NA,NA,NA,NA,NA,NA,NA,NA,NA,NA,NA,NA,NA,NA,NA,NA,NA,NA,NA,NA
FS2,basil,2,203,75,311,20181029,5.9,2.1,25,NA,13,NA,NA,0,0,29.045,0,663,6044,336.17,91.452,7.0207,20.931,223.8,0.3178,2.45,31.88,293.41,291.77,66.913,1.4594,18.499,206.38,0.1874,NA,NA,NA,NA,NA,NA,NA,NA,NA,NA,NA,NA,NA,NA,NA,NA,NA,NA,NA,NA,NA,NA,NA,NA,NA,NA,NA,NA,NA,NA,NA,NA,NA,NA
FS2,basil,2,203,75,312,20181029,5.9,2.1,25,NA,23,NA,NA,0,0,34.75,0,663,7086,402.2,112.74,7.376,23.973,265.52,0.3007,2.36,36,350.29,348.49,82.5,1.6227,21.185,244.85,0.1778,NA,NA,NA,NA,NA,NA,NA,NA,NA,NA,NA,NA,NA,NA,NA,NA,NA,NA,NA,NA,NA,NA,NA,NA,NA,NA,NA,NA,NA,NA,NA,NA,NA,NA
FS2,basil,2,203,75,313,20181029,5.9,2.1,25,NA,18,NA,NA,0,0,27.308,0,663,5103,316.06,87.208,5.9821,15.654,213.22,0.2085,2.44,35.64,275.31,273.87,63.801,1.3202,13.813,196.28,0.1234,NA,NA,NA,NA,NA,NA,NA,NA,NA,NA,NA,NA,NA,NA,NA,NA,NA,NA,NA,NA,NA,NA,NA,NA,NA,NA,NA,NA,NA,NA,NA,NA,NA,NA
FS2,basil,2,203,75,314,20181029,5.9,2.1,25,NA,23,NA,NA,0,0,32.662,0,663,6354,378.03,99.627,7.0394,20.595,257.83,0.2483,2.59,36.63,330.15,328.45,72.887,1.5625,18.192,237.4,0.1477,NA,NA,NA,NA,NA,NA,NA,NA,NA,NA,NA,NA,NA,NA,NA,NA,NA,NA,NA,NA,NA,NA,NA,NA,NA,NA,NA,NA,NA,NA,NA,NA,NA,NA
FS2,basil,2,203,75,315,20181029,5.9,2.1,25,NA,27,NA,NA,0,0,35.222,0,664,7017,407.67,106.37,7.8261,23.134,278.19,0.2781,2.62,35.55,356.44,354.55,77.836,1.7146,20.455,256.3,0.1647,NA,NA,NA,NA,NA,NA,NA,NA,NA,NA,NA,NA,NA,NA,NA,NA,NA,NA,NA,NA,NA,NA,NA,NA,NA,NA,NA,NA,NA,NA,NA,NA,NA,NA
FS2,basil,2,203,75,316,20181029,5.9,2.1,25,NA,23,NA,NA,0,0,33.725,0,663,6784,390.34,107,6.8865,22.627,260.74,0.2855,2.44,37.86,340.47,338.76,78.315,1.5459,20.002,240.48,0.1685,NA,NA,NA,NA,NA,NA,NA,NA,NA,NA,NA,NA,NA,NA,NA,NA,NA,NA,NA,NA,NA,NA,NA,NA,NA,NA,NA,NA,NA,NA,NA,NA,NA,NA
FS2,basil,2,203,75,317,20181029,5.9,2.1,25,NA,11,NA,NA,0,0,24.669,0,663,5108,285.52,77.067,5.7453,17.593,190.88,0.2438,2.48,33.22,249.3,247.93,56.393,1.2263,15.546,176.01,0.1439,NA,NA,NA,NA,NA,NA,NA,NA,NA,NA,NA,NA,NA,NA,NA,NA,NA,NA,NA,NA,NA,NA,NA,NA,NA,NA,NA,NA,NA,NA,NA,NA,NA,NA
FS2,basil,2,203,75,318,20181029,5.9,2.1,25,NA,15,NA,NA,0,0,23.686,0,663,4846,274.14,75.476,5.0642,16.45,182.23,0.2401,2.41,35.98,239.08,237.83,55.233,1.1094,14.537,168.08,0.1417,NA,NA,NA,NA,NA,NA,NA,NA,NA,NA,NA,NA,NA,NA,NA,NA,NA,NA,NA,NA,NA,NA,NA,NA,NA,NA,NA,NA,NA,NA,NA,NA,NA,NA
FS2,basil,2,204,150,401,20181029,5.9,2.4,26,NA,26,NA,NA,0,0,34.301,0,662,6777,397,109.37,7.064,21.345,266.31,0.2713,2.44,37.7,346.51,344.8,80.022,1.5574,18.856,245.95,0.1614,NA,NA,NA,NA,NA,NA,NA,NA,NA,NA,NA,NA,NA,NA,NA,NA,NA,NA,NA,NA,NA,NA,NA,NA,NA,NA,NA,NA,NA,NA,NA,NA,NA,NA
FS2,basil,2,204,150,402,20181029,5.9,2.4,26,NA,23,NA,NA,0,0,34.495,0,662,6945,399.25,110.13,7.0619,22.37,266.78,0.3126,2.42,37.78,348.46,346.73,80.574,1.5505,19.774,246.41,0.1845,NA,NA,NA,NA,NA,NA,NA,NA,NA,NA,NA,NA,NA,NA,NA,NA,NA,NA,NA,NA,NA,NA,NA,NA,NA,NA,NA,NA,NA,NA,NA,NA,NA,NA
FS2,basil,2,204,150,403,20181029,5.9,2.4,26,NA,17,NA,NA,0,0,27.769,0,662,5604,321.4,90.839,6.1375,18.108,212.47,0.2672,2.34,34.62,280.19,278.73,66.466,1.3022,16.003,196.29,0.1579,NA,NA,NA,NA,NA,NA,NA,NA,NA,NA,NA,NA,NA,NA,NA,NA,NA,NA,NA,NA,NA,NA,NA,NA,NA,NA,NA,NA,NA,NA,NA,NA,NA,NA
FS2,basil,2,204,150,404,20181029,5.9,2.4,26,NA,22,NA,NA,0,0,31.206,0,662,6332,361.19,102.77,6.65,20.652,237.78,0.2632,2.31,35.76,314.63,313.04,75.188,1.4256,18.245,219.64,0.1569,NA,NA,NA,NA,NA,NA,NA,NA,NA,NA,NA,NA,NA,NA,NA,NA,NA,NA,NA,NA,NA,NA,NA,NA,NA,NA,NA,NA,NA,NA,NA,NA,NA,NA
FS2,basil,2,204,150,405,20181029,5.9,2.4,26,NA,18,NA,NA,0,0,26.195,0,662,5283,303.18,85.438,5.6713,17.189,200.57,0.2135,2.35,35.36,264.2,262.86,62.504,1.2148,15.185,185.2,0.1265,NA,NA,NA,NA,NA,NA,NA,NA,NA,NA,NA,NA,NA,NA,NA,NA,NA,NA,NA,NA,NA,NA,NA,NA,NA,NA,NA,NA,NA,NA,NA,NA,NA,NA
FS2,basil,2,204,150,406,20181029,5.9,2.4,26,NA,34,NA,NA,0,0,38.17,0,663,7794,441.78,126.99,8.251,25.762,289.06,0.3349,2.28,35.03,384.18,382.14,92.863,1.8288,22.755,266.57,0.1982,NA,NA,NA,NA,NA,NA,NA,NA,NA,NA,NA,NA,NA,NA,NA,NA,NA,NA,NA,NA,NA,NA,NA,NA,NA,NA,NA,NA,NA,NA,NA,NA,NA,NA
FS2,basil,2,204,150,407,20181029,5.9,2.4,26,NA,27,NA,NA,0,0,36.929,0,663,7410,427.42,120.36,7.5962,23.684,283.41,0.3054,2.35,37.31,372.54,370.68,88.066,1.6681,20.938,261.72,0.18,NA,NA,NA,NA,NA,NA,NA,NA,NA,NA,NA,NA,NA,NA,NA,NA,NA,NA,NA,NA,NA,NA,NA,NA,NA,NA,NA,NA,NA,NA,NA,NA,NA,NA
FS2,basil,2,204,150,408,20181029,5.9,2.4,26,NA,15,NA,NA,0,0,26.438,0,662,5656,306,85.236,6.2551,19.607,201.17,0.2671,2.36,32.16,266.99,265.56,62.361,1.2721,17.328,185.89,0.1572,NA,NA,NA,NA,NA,NA,NA,NA,NA,NA,NA,NA,NA,NA,NA,NA,NA,NA,NA,NA,NA,NA,NA,NA,NA,NA,NA,NA,NA,NA,NA,NA,NA,NA
FS2,basil,2,204,150,409,20181029,5.9,2.4,26,NA,12,NA,NA,0,0,21.709,0,662,4684,251.26,71.377,4.7782,16.373,163.52,0.2059,2.29,34.22,218.97,217.82,52.222,1.0302,14.481,151.14,0.1217,NA,NA,NA,NA,NA,NA,NA,NA,NA,NA,NA,NA,NA,NA,NA,NA,NA,NA,NA,NA,NA,NA,NA,NA,NA,NA,NA,NA,NA,NA,NA,NA,NA,NA
FS2,basil,2,204,150,410,20181029,5.9,2.4,26,NA,25,NA,NA,0,0,36.755,0,662,7626,425.41,123.24,7.6848,25.427,276.77,0.3519,2.25,36.02,370.13,368.25,90.166,1.6725,22.462,255.66,0.208,NA,NA,NA,NA,NA,NA,NA,NA,NA,NA,NA,NA,NA,NA,NA,NA,NA,NA,NA,NA,NA,NA,NA,NA,NA,NA,NA,NA,NA,NA,NA,NA,NA,NA
FS2,basil,2,204,150,411,20181029,5.9,2.4,26,NA,23,NA,NA,0,0,35.617,0,662,7391,412.23,117.35,7.7369,24.795,270.11,0.2776,2.3,34.91,359.02,357.21,85.849,1.6523,21.913,249.48,0.1653,NA,NA,NA,NA,NA,NA,NA,NA,NA,NA,NA,NA,NA,NA,NA,NA,NA,NA,NA,NA,NA,NA,NA,NA,NA,NA,NA,NA,NA,NA,NA,NA,NA,NA
FS2,basil,2,204,150,412,20181029,5.9,2.4,26,NA,24.5,NA,NA,0,0,33.778,0,663,6927,390.95,111.26,6.8776,23.134,256.57,0.2851,2.31,37.3,340.32,338.62,81.391,1.5372,20.442,236.82,0.1671,NA,NA,NA,NA,NA,NA,NA,NA,NA,NA,NA,NA,NA,NA,NA,NA,NA,NA,NA,NA,NA,NA,NA,NA,NA,NA,NA,NA,NA,NA,NA,NA,NA,NA
FS2,basil,2,204,150,413,20181029,5.9,2.4,26,NA,30,NA,NA,0,0,32.931,0,662,6578,381.15,105.95,6.6953,20.961,254.26,0.2363,2.4,37.97,332.5,330.89,77.509,1.466,18.525,234.89,0.1398,NA,NA,NA,NA,NA,NA,NA,NA,NA,NA,NA,NA,NA,NA,NA,NA,NA,NA,NA,NA,NA,NA,NA,NA,NA,NA,NA,NA,NA,NA,NA,NA,NA,NA
FS2,basil,2,204,150,414,20181029,5.9,2.4,26,NA,17,NA,NA,0,0,25.028,0,662,5133,289.68,80.573,5.6602,16.945,192.18,0.2733,2.39,33.95,252.78,251.44,58.949,1.1797,14.973,177.54,0.1613,NA,NA,NA,NA,NA,NA,NA,NA,NA,NA,NA,NA,NA,NA,NA,NA,NA,NA,NA,NA,NA,NA,NA,NA,NA,NA,NA,NA,NA,NA,NA,NA,NA,NA
FS2,basil,2,204,150,415,20181029,5.9,2.4,26,NA,23.5,NA,NA,0,0,31.847,0,662,6425,368.6,102.99,6.5439,20.731,244.9,0.2466,2.38,37.42,321.48,319.9,75.355,1.4284,18.322,226.26,0.1462,NA,NA,NA,NA,NA,NA,NA,NA,NA,NA,NA,NA,NA,NA,NA,NA,NA,NA,NA,NA,NA,NA,NA,NA,NA,NA,NA,NA,NA,NA,NA,NA,NA,NA
FS2,basil,2,204,150,416,20181029,5.9,2.4,26,NA,30,NA,NA,0,0,36.093,0,662,7505,417.75,115.11,7.6809,25.002,277.66,0.3698,2.41,36.15,364.65,362.77,84.22,1.6655,22.097,256.49,0.2175,NA,NA,NA,NA,NA,NA,NA,NA,NA,NA,NA,NA,NA,NA,NA,NA,NA,NA,NA,NA,NA,NA,NA,NA,NA,NA,NA,NA,NA,NA,NA,NA,NA,NA
FS2,basil,2,204,150,417,20181029,5.9,2.4,26,NA,21,NA,NA,0,0,28.297,0,662,5906,327.52,91.137,6.1701,19.919,216.48,0.2742,2.38,35.08,285.7,284.2,66.67,1.3324,17.603,199.95,0.1618,NA,NA,NA,NA,NA,NA,NA,NA,NA,NA,NA,NA,NA,NA,NA,NA,NA,NA,NA,NA,NA,NA,NA,NA,NA,NA,NA,NA,NA,NA,NA,NA,NA,NA
FS2,basil,2,204,150,418,20181029,5.9,2.4,26,NA,24,NA,NA,0,0,28.31,0,663,5671,327.66,92.014,5.9213,18.372,217.3,0.2377,2.36,36.7,285.52,284.07,67.307,1.3046,16.237,200.55,0.1408,NA,NA,NA,NA,NA,NA,NA,NA,NA,NA,NA,NA,NA,NA,NA,NA,NA,NA,NA,NA,NA,NA,NA,NA,NA,NA,NA,NA,NA,NA,NA,NA,NA,NA
FS2,basil,2,205,75,501,20181029,5.9,2.2,25,NA,20,NA,NA,0,0,29.838,0,663,5683,345.35,90.351,6.352,17.836,237.18,0.213,2.62,37.34,301.84,300.29,66.109,1.4223,15.765,218.44,0.1257,NA,NA,NA,NA,NA,NA,NA,NA,NA,NA,NA,NA,NA,NA,NA,NA,NA,NA,NA,NA,NA,NA,NA,NA,NA,NA,NA,NA,NA,NA,NA,NA,NA,NA
FS2,basil,2,205,75,502,20181029,5.9,2.2,25,NA,27,NA,NA,0,0,38.25,0,664,7673,442.71,121.11,8.1944,25.507,296.11,0.3228,2.44,36.13,385.79,383.75,88.616,1.8568,22.54,272.63,0.1912,NA,NA,NA,NA,NA,NA,NA,NA,NA,NA,NA,NA,NA,NA,NA,NA,NA,NA,NA,NA,NA,NA,NA,NA,NA,NA,NA,NA,NA,NA,NA,NA,NA,NA
FS2,basil,2,205,75,503,20181029,5.9,2.2,25,NA,28,NA,NA,0,0,36.78,0,664,7387,425.69,110.45,8.4604,24.621,290.64,0.3021,2.63,34.35,372.12,370.09,80.819,1.8523,21.763,267.54,0.1768,NA,NA,NA,NA,NA,NA,NA,NA,NA,NA,NA,NA,NA,NA,NA,NA,NA,NA,NA,NA,NA,NA,NA,NA,NA,NA,NA,NA,NA,NA,NA,NA,NA,NA
FS2,basil,2,205,75,504,20181029,5.9,2.2,25,NA,23,NA,NA,0,0,30.008,0,663,6161,347.32,96.411,6.415,21.037,229.89,0.2415,2.38,35.84,302.76,301.2,70.573,1.4151,18.591,212.06,0.143,NA,NA,NA,NA,NA,NA,NA,NA,NA,NA,NA,NA,NA,NA,NA,NA,NA,NA,NA,NA,NA,NA,NA,NA,NA,NA,NA,NA,NA,NA,NA,NA,NA,NA
FS2,basil,2,205,75,505,20181029,5.9,2.2,25,NA,17,NA,NA,0,0,30.2,0,663,6053,349.53,98.968,6.3726,20.077,230.51,0.2867,2.33,36.17,304.3,302.72,72.44,1.4149,17.738,212.57,0.1697,NA,NA,NA,NA,NA,NA,NA,NA,NA,NA,NA,NA,NA,NA,NA,NA,NA,NA,NA,NA,NA,NA,NA,NA,NA,NA,NA,NA,NA,NA,NA,NA,NA,NA
FS2,basil,2,205,75,506,20181029,5.9,2.2,25,NA,23,NA,NA,0,0,30.584,0,663,5969,353.98,98.282,6.5301,19.115,236.6,0.2814,2.41,36.23,308.52,306.93,71.932,1.4325,16.882,218.14,0.1649,NA,NA,NA,NA,NA,NA,NA,NA,NA,NA,NA,NA,NA,NA,NA,NA,NA,NA,NA,NA,NA,NA,NA,NA,NA,NA,NA,NA,NA,NA,NA,NA,NA,NA
FS2,basil,2,205,75,507,20181029,5.9,2.2,25,NA,30,NA,NA,0,0,45.769,0,666,9259,529.74,157.66,10.707,30.025,342.08,0.3879,2.17,31.95,458.94,456.32,115.37,2.393,26.514,314.49,0.2289,NA,NA,NA,NA,NA,NA,NA,NA,NA,NA,NA,NA,NA,NA,NA,NA,NA,NA,NA,NA,NA,NA,NA,NA,NA,NA,NA,NA,NA,NA,NA,NA,NA,NA
FS2,basil,2,205,75,508,20181029,5.9,2.2,25,NA,26,NA,NA,0,0,46.752,0,666,9633,541.11,163.24,10.627,31.839,346.06,0.3854,2.12,32.56,468.34,465.65,119.45,2.4593,28.122,318.13,0.227,NA,NA,NA,NA,NA,NA,NA,NA,NA,NA,NA,NA,NA,NA,NA,NA,NA,NA,NA,NA,NA,NA,NA,NA,NA,NA,NA,NA,NA,NA,NA,NA,NA,NA
FS2,basil,2,205,75,509,20181029,5.9,2.2,25,NA,28,NA,NA,0,0,42.023,0,665,8612,486.38,134.5,9.3544,28.836,323.08,0.3349,2.4,34.54,423.53,421.22,98.437,2.1116,25.487,297.34,0.1963,NA,NA,NA,NA,NA,NA,NA,NA,NA,NA,NA,NA,NA,NA,NA,NA,NA,NA,NA,NA,NA,NA,NA,NA,NA,NA,NA,NA,NA,NA,NA,NA,NA,NA
FS2,basil,2,205,75,510,20181029,5.9,2.2,25,NA,15,NA,NA,0,0,29.851,0,663,6162,345.5,96.933,6.4547,21.218,227.37,0.2812,2.35,35.22,300.89,299.32,70.945,1.394,18.75,209.66,0.1661,NA,NA,NA,NA,NA,NA,NA,NA,NA,NA,NA,NA,NA,NA,NA,NA,NA,NA,NA,NA,NA,NA,NA,NA,NA,NA,NA,NA,NA,NA,NA,NA,NA,NA
FS2,basil,2,205,75,511,20181029,5.9,2.2,25,NA,23,NA,NA,0,0,39.406,0,663,8208,456.09,135.42,8.7189,28.159,292.54,0.3779,2.16,33.55,395.81,393.7,99.106,1.8733,24.867,269.77,0.224,NA,NA,NA,NA,NA,NA,NA,NA,NA,NA,NA,NA,NA,NA,NA,NA,NA,NA,NA,NA,NA,NA,NA,NA,NA,NA,NA,NA,NA,NA,NA,NA,NA,NA
FS2,basil,2,205,75,512,20181029,5.9,2.2,25,NA,30,NA,NA,0,0,45.113,0,666,9284,522.15,157.94,10.115,30.991,333.25,0.3763,2.11,32.95,452.11,449.6,115.59,2.2818,27.382,306.67,0.2224,NA,NA,NA,NA,NA,NA,NA,NA,NA,NA,NA,NA,NA,NA,NA,NA,NA,NA,NA,NA,NA,NA,NA,NA,NA,NA,NA,NA,NA,NA,NA,NA,NA,NA
FS2,basil,2,205,75,513,20181029,5.9,2.2,25,NA,29.5,NA,NA,0,0,40.612,0,665,8111,470.05,131.35,9.1099,26.373,312.35,0.3899,2.38,34.29,409.1,406.83,96.105,2.044,23.295,287.46,0.2308,NA,NA,NA,NA,NA,NA,NA,NA,NA,NA,NA,NA,NA,NA,NA,NA,NA,NA,NA,NA,NA,NA,NA,NA,NA,NA,NA,NA,NA,NA,NA,NA,NA,NA
FS2,basil,2,205,75,514,20181029,5.9,2.2,25,NA,18.5,NA,NA,0,0,28.862,0,663,5778,334.06,85.922,6.5783,19.273,228.88,0.2657,2.66,34.79,292.35,290.74,62.873,1.4496,17.034,210.87,0.1557,NA,NA,NA,NA,NA,NA,NA,NA,NA,NA,NA,NA,NA,NA,NA,NA,NA,NA,NA,NA,NA,NA,NA,NA,NA,NA,NA,NA,NA,NA,NA,NA,NA,NA
FS2,basil,2,205,75,515,20181029,5.9,2.2,25,NA,23.5,NA,NA,0,0,35.739,0,664,7098,413.64,111.38,7.4254,23.293,279,0.2656,2.51,37.57,361,359.16,81.509,1.6693,20.596,257.1,0.1577,NA,NA,NA,NA,NA,NA,NA,NA,NA,NA,NA,NA,NA,NA,NA,NA,NA,NA,NA,NA,NA,NA,NA,NA,NA,NA,NA,NA,NA,NA,NA,NA,NA,NA
FS2,basil,2,205,75,516,20181029,5.9,2.2,25,NA,22,NA,NA,0,0,33.938,0,663,6894,392.8,110.27,6.7949,23.283,259.28,0.2628,2.35,38.16,342.1,340.39,80.711,1.5508,20.572,239.15,0.1556,NA,NA,NA,NA,NA,NA,NA,NA,NA,NA,NA,NA,NA,NA,NA,NA,NA,NA,NA,NA,NA,NA,NA,NA,NA,NA,NA,NA,NA,NA,NA,NA,NA,NA
FS2,basil,2,205,75,517,20181029,5.9,2.2,25,NA,22,NA,NA,0,0,33.845,0,663,6879,391.72,112.15,6.7059,23.158,256.44,0.23,2.29,38.24,340.75,339.09,82.084,1.5183,20.471,236.57,0.1377,NA,NA,NA,NA,NA,NA,NA,NA,NA,NA,NA,NA,NA,NA,NA,NA,NA,NA,NA,NA,NA,NA,NA,NA,NA,NA,NA,NA,NA,NA,NA,NA,NA,NA
FS2,basil,2,205,75,518,20181029,5.9,2.2,25,NA,27,NA,NA,0,0,39.755,0,664,8049,460.12,133.78,8.6969,26.717,299.64,0.3781,2.24,34.45,399.74,397.61,97.901,1.9056,23.603,276.14,0.2231,NA,NA,NA,NA,NA,NA,NA,NA,NA,NA,NA,NA,NA,NA,NA,NA,NA,NA,NA,NA,NA,NA,NA,NA,NA,NA,NA,NA,NA,NA,NA,NA,NA,NA
FS2,basil,2,206,150,601,20181029,5.9,2.4,26,NA,13,NA,NA,0,0,22.009,0,663,4354,254.73,70.874,4.7586,13.813,170.06,0.2048,2.4,35.74,222.17,221.03,51.857,1.02,12.2,156.99,0.1215,NA,NA,NA,NA,NA,NA,NA,NA,NA,NA,NA,NA,NA,NA,NA,NA,NA,NA,NA,NA,NA,NA,NA,NA,NA,NA,NA,NA,NA,NA,NA,NA,NA,NA
FS2,basil,2,206,150,602,20181029,5.9,2.4,26,NA,30,NA,NA,0,0,39.052,0,663,7832,451.99,128.39,8.1503,24.81,298.82,0.3245,2.33,36.66,393.57,391.55,93.938,1.8189,21.908,275.74,0.192,NA,NA,NA,NA,NA,NA,NA,NA,NA,NA,NA,NA,NA,NA,NA,NA,NA,NA,NA,NA,NA,NA,NA,NA,NA,NA,NA,NA,NA,NA,NA,NA,NA,NA
FS2,basil,2,206,150,603,20181029,5.9,2.4,26,NA,28,NA,NA,0,0,36.704,0,663,7339,424.81,120.75,7.7333,23.38,280.71,0.3556,2.32,36.3,369.99,368.08,88.358,1.6952,20.655,259.11,0.2091,NA,NA,NA,NA,NA,NA,NA,NA,NA,NA,NA,NA,NA,NA,NA,NA,NA,NA,NA,NA,NA,NA,NA,NA,NA,NA,NA,NA,NA,NA,NA,NA,NA,NA
FS2,basil,2,206,150,604,20181029,5.9,2.4,26,NA,27,NA,NA,0,0,34.91,0,663,6997,404.06,117.82,6.7421,22.607,263.65,0.2956,2.24,39.11,351.28,349.6,86.227,1.515,19.97,243.44,0.1747,NA,NA,NA,NA,NA,NA,NA,NA,NA,NA,NA,NA,NA,NA,NA,NA,NA,NA,NA,NA,NA,NA,NA,NA,NA,NA,NA,NA,NA,NA,NA,NA,NA,NA
FS2,basil,2,206,150,605,20181029,5.9,2.4,26,NA,22,NA,NA,0,0,27.917,0,663,5577,323.12,92.427,5.5179,17.906,212.8,0.2571,2.3,38.57,281.28,279.9,67.648,1.2345,15.821,196.45,0.1509,NA,NA,NA,NA,NA,NA,NA,NA,NA,NA,NA,NA,NA,NA,NA,NA,NA,NA,NA,NA,NA,NA,NA,NA,NA,NA,NA,NA,NA,NA,NA,NA,NA,NA
FS2,basil,2,206,150,606,20181029,5.9,2.4,26,NA,23,NA,NA,0,0,24.967,0,663,5070,288.97,82.955,4.8393,16.581,189.44,0.1854,2.28,39.15,251.47,250.26,60.713,1.0956,14.651,174.92,0.1099,NA,NA,NA,NA,NA,NA,NA,NA,NA,NA,NA,NA,NA,NA,NA,NA,NA,NA,NA,NA,NA,NA,NA,NA,NA,NA,NA,NA,NA,NA,NA,NA,NA,NA
FS2,basil,2,206,150,607,20181029,5.9,2.4,26,NA,24,NA,NA,0,0,34.835,0,662,6873,403.18,110.73,7.1351,21.574,270.9,0.2628,2.45,37.97,351.84,350.11,81.021,1.5841,19.057,250.07,0.1556,NA,NA,NA,NA,NA,NA,NA,NA,NA,NA,NA,NA,NA,NA,NA,NA,NA,NA,NA,NA,NA,NA,NA,NA,NA,NA,NA,NA,NA,NA,NA,NA,NA,NA
FS2,basil,2,206,150,608,20181029,5.9,2.4,26,NA,17,NA,NA,0,0,30.448,0,662,6310,352.41,99.37,6.7509,21.108,231.95,0.2834,2.33,34.36,307.14,305.53,72.708,1.4342,18.653,214.2,0.1676,NA,NA,NA,NA,NA,NA,NA,NA,NA,NA,NA,NA,NA,NA,NA,NA,NA,NA,NA,NA,NA,NA,NA,NA,NA,NA,NA,NA,NA,NA,NA,NA,NA,NA
FS2,basil,2,206,150,609,20181029,5.9,2.4,26,NA,20,NA,NA,0,0,34.031,0,662,6959,393.88,113.54,7.032,22.899,257.46,0.3045,2.27,36.61,342.79,341.06,83.085,1.545,20.23,237.78,0.1809,NA,NA,NA,NA,NA,NA,NA,NA,NA,NA,NA,NA,NA,NA,NA,NA,NA,NA,NA,NA,NA,NA,NA,NA,NA,NA,NA,NA,NA,NA,NA,NA,NA,NA
FS2,basil,2,206,150,610,20181029,5.9,2.4,26,NA,16,NA,NA,0,0,29.657,0,663,6162,343.26,100.17,6.2625,20.681,222.42,0.2685,2.22,35.52,298.5,296.98,73.305,1.3639,18.277,205.42,0.1579,NA,NA,NA,NA,NA,NA,NA,NA,NA,NA,NA,NA,NA,NA,NA,NA,NA,NA,NA,NA,NA,NA,NA,NA,NA,NA,NA,NA,NA,NA,NA,NA,NA,NA
FS2,basil,2,206,150,611,20181029,5.9,2.4,26,NA,30,NA,NA,0,0,39.239,0,663,8088,454.15,135.14,7.9255,26.719,292.33,0.3661,2.16,36.88,394.28,392.31,98.896,1.74,23.593,269.87,0.2172,NA,NA,NA,NA,NA,NA,NA,NA,NA,NA,NA,NA,NA,NA,NA,NA,NA,NA,NA,NA,NA,NA,NA,NA,NA,NA,NA,NA,NA,NA,NA,NA,NA,NA
FS2,basil,2,206,150,612,20181029,5.9,2.4,26,NA,23.5,NA,NA,0,0,28.012,0,663,5929,324.21,93.877,5.9456,20.402,209.95,0.2449,2.24,35.31,282.04,280.6,68.701,1.2873,18.033,193.89,0.1466,NA,NA,NA,NA,NA,NA,NA,NA,NA,NA,NA,NA,NA,NA,NA,NA,NA,NA,NA,NA,NA,NA,NA,NA,NA,NA,NA,NA,NA,NA,NA,NA,NA,NA
FS2,basil,2,206,150,613,20181029,5.9,2.4,26,NA,33,NA,NA,0,0,40.462,0,663,8338,468.31,136.14,8.5603,27.091,305.11,0.3288,2.24,35.64,407.31,405.19,99.621,1.9093,23.919,281.7,0.1945,NA,NA,NA,NA,NA,NA,NA,NA,NA,NA,NA,NA,NA,NA,NA,NA,NA,NA,NA,NA,NA,NA,NA,NA,NA,NA,NA,NA,NA,NA,NA,NA,NA,NA
FS2,basil,2,206,150,614,20181029,5.9,2.4,26,NA,24,NA,NA,0,0,34.421,0,663,6889,398.39,110.62,7.4129,22.065,265.73,0.3445,2.4,35.85,347.55,345.75,80.944,1.6008,19.489,245.35,0.2024,NA,NA,NA,NA,NA,NA,NA,NA,NA,NA,NA,NA,NA,NA,NA,NA,NA,NA,NA,NA,NA,NA,NA,NA,NA,NA,NA,NA,NA,NA,NA,NA,NA,NA
FS2,basil,2,206,150,615,20181029,5.9,2.4,26,NA,29,NA,NA,0,0,35.988,0,662,7215,416.53,118.79,7.6533,23.075,274.68,0.3123,2.31,35.89,362.68,360.84,86.924,1.6659,20.383,253.56,0.184,NA,NA,NA,NA,NA,NA,NA,NA,NA,NA,NA,NA,NA,NA,NA,NA,NA,NA,NA,NA,NA,NA,NA,NA,NA,NA,NA,NA,NA,NA,NA,NA,NA,NA
FS2,basil,2,206,150,616,20181029,5.9,2.4,26,NA,28,NA,NA,0,0,37.943,0,663,7766,439.16,129.89,7.7315,25.541,283.76,0.3221,2.18,36.7,381.45,379.54,95.048,1.7182,22.551,261.98,0.1899,NA,NA,NA,NA,NA,NA,NA,NA,NA,NA,NA,NA,NA,NA,NA,NA,NA,NA,NA,NA,NA,NA,NA,NA,NA,NA,NA,NA,NA,NA,NA,NA,NA,NA
FS2,basil,2,206,150,617,20181029,5.9,2.4,26,NA,28.5,NA,NA,0,0,39.05,0,663,7998,451.97,135.82,7.8906,26.261,289.91,0.3507,2.13,36.74,392.2,390.25,99.406,1.7338,23.191,267.69,0.2076,NA,NA,NA,NA,NA,NA,NA,NA,NA,NA,NA,NA,NA,NA,NA,NA,NA,NA,NA,NA,NA,NA,NA,NA,NA,NA,NA,NA,NA,NA,NA,NA,NA,NA
FS2,basil,2,206,150,618,20181029,5.9,2.4,26,NA,19,NA,NA,0,0,16.74,0,663,3517,193.75,54.711,3.4164,11.983,127.07,0.1383,2.32,37.2,168.81,167.96,40.038,0.7654,10.596,117.34,0.0822,NA,NA,NA,NA,NA,NA,NA,NA,NA,NA,NA,NA,NA,NA,NA,NA,NA,NA,NA,NA,NA,NA,NA,NA,NA,NA,NA,NA,NA,NA,NA,NA,NA,NA
FS2,basil,2,207,75,701,20181029,5.9,2.2,26,NA,26,NA,NA,0,0,36.947,0,663,7316,427.63,117.1,7.6091,23.152,287.41,0.3366,2.45,37.77,373.13,371.21,85.665,1.714,20.46,265.13,0.1984,NA,NA,NA,NA,NA,NA,NA,NA,NA,NA,NA,NA,NA,NA,NA,NA,NA,NA,NA,NA,NA,NA,NA,NA,NA,NA,NA,NA,NA,NA,NA,NA,NA,NA
FS2,basil,2,207,75,702,20181029,5.9,2.2,26,NA,18,NA,NA,0,0,32.524,0,663,6308,376.44,102.22,6.846,19.52,254.71,0.2782,2.49,37.21,328.71,327.04,74.786,1.5076,17.242,235.04,0.1639,NA,NA,NA,NA,NA,NA,NA,NA,NA,NA,NA,NA,NA,NA,NA,NA,NA,NA,NA,NA,NA,NA,NA,NA,NA,NA,NA,NA,NA,NA,NA,NA,NA,NA
FS2,basil,2,207,75,703,20181029,5.9,2.2,26,NA,19.5,NA,NA,0,0,34.34,0,663,6700,397.45,109.72,6.6315,20.779,266.98,0.2027,2.43,40.26,346.69,345.04,80.271,1.5347,18.362,246.45,0.1208,NA,NA,NA,NA,NA,NA,NA,NA,NA,NA,NA,NA,NA,NA,NA,NA,NA,NA,NA,NA,NA,NA,NA,NA,NA,NA,NA,NA,NA,NA,NA,NA,NA,NA
FS2,basil,2,207,75,704,20181029,5.9,2.2,26,NA,18,NA,NA,0,0,34.293,0,663,6743,396.91,112.55,6.7901,21.183,263.2,0.2856,2.34,38.76,345.72,344.02,82.349,1.5342,18.713,243,0.1707,NA,NA,NA,NA,NA,NA,NA,NA,NA,NA,NA,NA,NA,NA,NA,NA,NA,NA,NA,NA,NA,NA,NA,NA,NA,NA,NA,NA,NA,NA,NA,NA,NA,NA
FS2,basil,2,207,75,705,20181029,5.9,2.2,26,NA,27.5,NA,NA,0,0,39.487,0,663,8104,457.02,135.68,8.068,26.519,294.85,0.3231,2.17,36.55,396.91,394.91,99.272,1.7992,23.421,272.26,0.1909,NA,NA,NA,NA,NA,NA,NA,NA,NA,NA,NA,NA,NA,NA,NA,NA,NA,NA,NA,NA,NA,NA,NA,NA,NA,NA,NA,NA,NA,NA,NA,NA,NA,NA
FS2,basil,2,207,75,706,20181029,5.9,2.2,26,NA,26,NA,NA,0,0,33.463,0,663,6728,387.31,105.83,7.2542,21.868,259.62,0.2958,2.45,35.79,338.02,336.28,77.422,1.5664,19.333,239.56,0.1735,NA,NA,NA,NA,NA,NA,NA,NA,NA,NA,NA,NA,NA,NA,NA,NA,NA,NA,NA,NA,NA,NA,NA,NA,NA,NA,NA,NA,NA,NA,NA,NA,NA,NA
FS2,basil,2,207,75,707,20181029,5.9,2.2,26,NA,22,NA,NA,0,0,38.764,0,663,7920,448.66,124.27,8.0306,25.851,298.57,0.3386,2.4,37.18,391.13,389.08,90.897,1.8341,22.846,275.38,0.2004,NA,NA,NA,NA,NA,NA,NA,NA,NA,NA,NA,NA,NA,NA,NA,NA,NA,NA,NA,NA,NA,NA,NA,NA,NA,NA,NA,NA,NA,NA,NA,NA,NA,NA
FS2,basil,2,207,75,708,20181029,5.9,2.2,26,NA,20,NA,NA,0,0,37.357,0,663,7680,432.37,117.77,8.3246,25.449,289.19,0.3452,2.46,34.74,377.4,375.37,86.144,1.8137,22.486,266.78,0.204,NA,NA,NA,NA,NA,NA,NA,NA,NA,NA,NA,NA,NA,NA,NA,NA,NA,NA,NA,NA,NA,NA,NA,NA,NA,NA,NA,NA,NA,NA,NA,NA,NA,NA
FS2,basil,2,207,75,709,20181029,5.9,2.2,26,NA,10,NA,NA,0,0,27.156,0,663,5632,314.31,87.181,6.029,18.883,208.26,0.2118,2.39,34.54,274.11,272.7,63.775,1.2843,16.69,192.26,0.126,NA,NA,NA,NA,NA,NA,NA,NA,NA,NA,NA,NA,NA,NA,NA,NA,NA,NA,NA,NA,NA,NA,NA,NA,NA,NA,NA,NA,NA,NA,NA,NA,NA,NA
FS2,basil,2,207,75,710,20181029,5.9,2.2,26,NA,14.5,NA,NA,0,0,28.014,0,663,5868,324.23,90.943,6.1382,19.912,213.39,0.2336,2.35,34.76,282.61,281.14,66.527,1.3289,17.605,197.03,0.1386,NA,NA,NA,NA,NA,NA,NA,NA,NA,NA,NA,NA,NA,NA,NA,NA,NA,NA,NA,NA,NA,NA,NA,NA,NA,NA,NA,NA,NA,NA,NA,NA,NA,NA
FS2,basil,2,207,75,711,20181029,5.9,2.2,26,NA,22,NA,NA,0,0,36.771,0,662,7593,425.6,123.59,7.6317,25.156,276.87,0.3154,2.24,36.28,370.17,368.32,90.427,1.677,22.225,255.7,0.1872,NA,NA,NA,NA,NA,NA,NA,NA,NA,NA,NA,NA,NA,NA,NA,NA,NA,NA,NA,NA,NA,NA,NA,NA,NA,NA,NA,NA,NA,NA,NA,NA,NA,NA
FS2,basil,2,207,75,712,20181029,5.9,2.2,26,NA,14,NA,NA,0,0,25.631,0,663,5262,296.66,80.234,5.3528,17.466,198.97,0.2418,2.48,37.17,259.16,257.82,58.695,1.1942,15.444,183.71,0.1409,NA,NA,NA,NA,NA,NA,NA,NA,NA,NA,NA,NA,NA,NA,NA,NA,NA,NA,NA,NA,NA,NA,NA,NA,NA,NA,NA,NA,NA,NA,NA,NA,NA,NA
FS2,basil,2,207,75,713,20181029,5.9,2.2,26,NA,12.5,NA,NA,0,0,22.006,0,663,4304,254.7,67.233,4.4141,13.48,174,0.1568,2.59,39.42,222.72,221.61,49.178,1.0119,11.916,160.54,0.093,NA,NA,NA,NA,NA,NA,NA,NA,NA,NA,NA,NA,NA,NA,NA,NA,NA,NA,NA,NA,NA,NA,NA,NA,NA,NA,NA,NA,NA,NA,NA,NA,NA,NA
FS2,basil,2,207,75,714,20181029,5.9,2.2,26,NA,27,NA,NA,0,0,39.443,0,664,7945,456.51,125.26,8.4528,25.485,305.78,0.3125,2.44,36.17,398.2,396.12,91.624,1.8928,22.521,282.01,0.1846,NA,NA,NA,NA,NA,NA,NA,NA,NA,NA,NA,NA,NA,NA,NA,NA,NA,NA,NA,NA,NA,NA,NA,NA,NA,NA,NA,NA,NA,NA,NA,NA,NA,NA
FS2,basil,2,207,75,715,20181029,5.9,2.2,26,NA,20,NA,NA,0,0,35.343,0,663,6985,409.06,115.25,7.0916,22.009,271.83,0.2878,2.36,38.33,356.35,354.61,84.317,1.5739,19.455,250.88,0.1694,NA,NA,NA,NA,NA,NA,NA,NA,NA,NA,NA,NA,NA,NA,NA,NA,NA,NA,NA,NA,NA,NA,NA,NA,NA,NA,NA,NA,NA,NA,NA,NA,NA,NA
FS2,basil,2,207,75,716,20181029,5.9,2.2,26,NA,26,NA,NA,0,0,39.848,0,663,8147,461.21,132.98,8.46,26.452,301.8,0.3323,2.27,35.67,401.19,399.1,97.296,1.8903,23.367,278.47,0.1965,NA,NA,NA,NA,NA,NA,NA,NA,NA,NA,NA,NA,NA,NA,NA,NA,NA,NA,NA,NA,NA,NA,NA,NA,NA,NA,NA,NA,NA,NA,NA,NA,NA,NA
FS2,basil,2,207,75,717,20181029,5.9,2.2,26,NA,30,NA,NA,0,0,38.898,0,663,8116,450.2,134.84,7.7745,27.216,288.18,0.2966,2.14,37.07,390.78,388.87,98.671,1.715,24.042,266.2,0.1758,NA,NA,NA,NA,NA,NA,NA,NA,NA,NA,NA,NA,NA,NA,NA,NA,NA,NA,NA,NA,NA,NA,NA,NA,NA,NA,NA,NA,NA,NA,NA,NA,NA,NA
FS2,basil,2,207,75,718,20181029,5.9,2.2,26,NA,26,NA,NA,0,0,32.39,0,663,6435,374.88,104.39,6.9114,20.681,249.83,0.2794,2.39,36.15,326.73,325.08,76.368,1.493,18.276,230.46,0.1636,NA,NA,NA,NA,NA,NA,NA,NA,NA,NA,NA,NA,NA,NA,NA,NA,NA,NA,NA,NA,NA,NA,NA,NA,NA,NA,NA,NA,NA,NA,NA,NA,NA,NA
FS2,basil,2,208,150,801,20181029,6,2.3,26,NA,18.5,NA,NA,0,0,26.326,0,663,5211,304.69,84.04,5.4832,16.562,204.11,0.1936,2.43,37.22,265.79,264.47,61.499,1.2026,14.632,188.37,0.1145,NA,NA,NA,NA,NA,NA,NA,NA,NA,NA,NA,NA,NA,NA,NA,NA,NA,NA,NA,NA,NA,NA,NA,NA,NA,NA,NA,NA,NA,NA,NA,NA,NA,NA
FS2,basil,2,208,150,802,20181029,6,2.3,26,NA,15,NA,NA,0,0,21.316,0,663,4481,246.71,70.265,4.5342,15.309,161.15,0.2256,2.29,35.54,214.84,213.71,51.414,0.9927,13.529,148.79,0.1334,NA,NA,NA,NA,NA,NA,NA,NA,NA,NA,NA,NA,NA,NA,NA,NA,NA,NA,NA,NA,NA,NA,NA,NA,NA,NA,NA,NA,NA,NA,NA,NA,NA,NA
FS2,basil,2,208,150,803,20181029,6,2.3,26,NA,15,NA,NA,0,0,26.667,0,663,5245,308.65,89.575,5.4117,16.563,202.53,0.2346,2.26,37.42,268.43,267.09,65.552,1.2011,14.625,186.94,0.1391,NA,NA,NA,NA,NA,NA,NA,NA,NA,NA,NA,NA,NA,NA,NA,NA,NA,NA,NA,NA,NA,NA,NA,NA,NA,NA,NA,NA,NA,NA,NA,NA,NA,NA
FS2,basil,2,208,150,804,20181029,6,2.3,26,NA,26.5,NA,NA,0,0,35.559,0,663,7211,411.57,119.33,7.1774,23.617,268.64,0.3081,2.25,37.43,357.92,356.13,87.311,1.6191,20.864,247.99,0.1825,NA,NA,NA,NA,NA,NA,NA,NA,NA,NA,NA,NA,NA,NA,NA,NA,NA,NA,NA,NA,NA,NA,NA,NA,NA,NA,NA,NA,NA,NA,NA,NA,NA,NA
FS2,basil,2,208,150,805,20181029,6,2.3,26,NA,24,NA,NA,0,0,32.097,0,663,6335,371.5,107.56,6.3673,20.202,243.75,0.2707,2.27,38.28,322.96,321.35,78.705,1.4474,17.839,224.83,0.1599,NA,NA,NA,NA,NA,NA,NA,NA,NA,NA,NA,NA,NA,NA,NA,NA,NA,NA,NA,NA,NA,NA,NA,NA,NA,NA,NA,NA,NA,NA,NA,NA,NA,NA
FS2,basil,2,208,150,806,20181029,6,2.3,26,NA,24.5,NA,NA,0,0,27.375,0,663,5423,316.84,89.323,5.5247,17.449,210.09,0.2392,2.35,38.03,275.84,274.44,65.358,1.2531,15.419,193.69,0.14,NA,NA,NA,NA,NA,NA,NA,NA,NA,NA,NA,NA,NA,NA,NA,NA,NA,NA,NA,NA,NA,NA,NA,NA,NA,NA,NA,NA,NA,NA,NA,NA,NA,NA
FS2,basil,2,208,150,807,20181029,6,2.3,26,NA,23,NA,NA,0,0,29.559,0,663,6103,342.12,96.732,5.9302,20.439,224.97,0.2834,2.33,37.93,297.97,296.48,70.78,1.3169,18.067,207.66,0.167,NA,NA,NA,NA,NA,NA,NA,NA,NA,NA,NA,NA,NA,NA,NA,NA,NA,NA,NA,NA,NA,NA,NA,NA,NA,NA,NA,NA,NA,NA,NA,NA,NA,NA
FS2,basil,2,208,150,808,20181029,6,2.3,26,NA,22,NA,NA,0,0,34.598,0,663,7118,400.44,112.63,7.0483,23.751,264.08,0.2963,2.34,37.47,348.91,347.17,82.418,1.5656,20.989,243.8,0.1745,NA,NA,NA,NA,NA,NA,NA,NA,NA,NA,NA,NA,NA,NA,NA,NA,NA,NA,NA,NA,NA,NA,NA,NA,NA,NA,NA,NA,NA,NA,NA,NA,NA,NA
FS2,basil,2,208,150,809,20181029,6,2.3,26,NA,19.5,NA,NA,0,0,31.891,0,663,6578,369.11,107.11,6.1075,22,240.03,0.2806,2.24,39.3,320.96,319.39,78.38,1.4052,19.442,221.59,0.1647,NA,NA,NA,NA,NA,NA,NA,NA,NA,NA,NA,NA,NA,NA,NA,NA,NA,NA,NA,NA,NA,NA,NA,NA,NA,NA,NA,NA,NA,NA,NA,NA,NA,NA
FS2,basil,2,208,150,810,20181029,6,2.3,26,NA,26,NA,NA,0,0,37.301,0,663,7596,431.73,127.05,7.4701,25.008,279.7,0.2786,2.2,37.44,374.95,373.1,92.965,1.6792,22.083,258.09,0.1641,NA,NA,NA,NA,NA,NA,NA,NA,NA,NA,NA,NA,NA,NA,NA,NA,NA,NA,NA,NA,NA,NA,NA,NA,NA,NA,NA,NA,NA,NA,NA,NA,NA,NA
FS2,basil,2,208,150,811,20181029,6,2.3,26,NA,23,NA,NA,0,0,37.202,0,663,7516,430.58,127.62,7.308,24.552,278.43,0.2857,2.18,38.1,373.74,371.91,93.38,1.6599,21.674,256.89,0.1679,NA,NA,NA,NA,NA,NA,NA,NA,NA,NA,NA,NA,NA,NA,NA,NA,NA,NA,NA,NA,NA,NA,NA,NA,NA,NA,NA,NA,NA,NA,NA,NA,NA,NA
FS2,basil,2,208,150,812,20181029,6,2.3,26,NA,14.5,NA,NA,0,0,22.638,0,663,4682,262.02,71.298,4.8924,15.763,174.97,0.2262,2.45,35.76,228.74,227.54,52.163,1.0696,13.937,161.46,0.133,NA,NA,NA,NA,NA,NA,NA,NA,NA,NA,NA,NA,NA,NA,NA,NA,NA,NA,NA,NA,NA,NA,NA,NA,NA,NA,NA,NA,NA,NA,NA,NA,NA,NA
FS2,basil,2,208,150,813,20181029,6,2.3,26,NA,23,NA,NA,0,0,26.934,0,663,5510,311.74,87.439,6.0884,18.248,206.07,0.2808,2.36,33.84,271.73,270.27,63.978,1.2966,16.128,190.18,0.1644,NA,NA,NA,NA,NA,NA,NA,NA,NA,NA,NA,NA,NA,NA,NA,NA,NA,NA,NA,NA,NA,NA,NA,NA,NA,NA,NA,NA,NA,NA,NA,NA,NA,NA
FS2,basil,2,208,150,814,20181029,6,2.3,26,NA,17,NA,NA,0,0,25.629,0,663,5272,296.63,82.913,5.2583,17.581,196.15,0.2087,2.37,37.3,258.58,257.27,60.676,1.1908,15.541,181.08,0.1232,NA,NA,NA,NA,NA,NA,NA,NA,NA,NA,NA,NA,NA,NA,NA,NA,NA,NA,NA,NA,NA,NA,NA,NA,NA,NA,NA,NA,NA,NA,NA,NA,NA,NA
FS2,basil,2,208,150,815,20181029,6,2.3,26,NA,22,NA,NA,0,0,27.911,0,663,5616,323.04,94.497,5.6188,18.209,210.35,0.1885,2.23,37.44,280.76,279.4,69.152,1.245,16.083,194.19,0.1106,NA,NA,NA,NA,NA,NA,NA,NA,NA,NA,NA,NA,NA,NA,NA,NA,NA,NA,NA,NA,NA,NA,NA,NA,NA,NA,NA,NA,NA,NA,NA,NA,NA,NA
FS2,basil,2,208,150,816,20181029,6,2.3,26,NA,21,NA,NA,0,0,29.128,0,663,5906,337.13,96.847,6.0198,19.388,220.91,0.2469,2.28,36.7,293.29,291.82,70.862,1.325,17.125,203.86,0.1456,NA,NA,NA,NA,NA,NA,NA,NA,NA,NA,NA,NA,NA,NA,NA,NA,NA,NA,NA,NA,NA,NA,NA,NA,NA,NA,NA,NA,NA,NA,NA,NA,NA,NA
FS2,basil,2,208,150,817,20181029,6,2.3,26,NA,26,NA,NA,0,0,32.944,0,663,6579,381.3,110.09,6.787,21.222,250.01,0.3154,2.27,36.84,331.63,329.93,80.557,1.5175,18.747,230.66,0.1852,NA,NA,NA,NA,NA,NA,NA,NA,NA,NA,NA,NA,NA,NA,NA,NA,NA,NA,NA,NA,NA,NA,NA,NA,NA,NA,NA,NA,NA,NA,NA,NA,NA,NA
FS2,basil,2,208,150,818,20181029,6,2.3,26,NA,25,NA,NA,0,0,27.22,0,663,5490,315.05,85.734,5.7007,17.954,211.38,0.2697,2.47,37.08,274.95,273.51,62.727,1.2837,15.867,194.94,0.1587,NA,NA,NA,NA,NA,NA,NA,NA,NA,NA,NA,NA,NA,NA,NA,NA,NA,NA,NA,NA,NA,NA,NA,NA,NA,NA,NA,NA,NA,NA,NA,NA,NA,NA
FS2,basil,2,209,75,901,20181029,6.2,2.2,26,NA,23,NA,NA,0,0,33.396,0,662,6604,386.52,106.66,6.2038,20.401,259.48,0.2204,2.43,41.82,337.59,336.04,78.085,1.4158,18.032,239.95,0.1315,NA,NA,NA,NA,NA,NA,NA,NA,NA,NA,NA,NA,NA,NA,NA,NA,NA,NA,NA,NA,NA,NA,NA,NA,NA,NA,NA,NA,NA,NA,NA,NA,NA,NA
FS2,basil,2,209,75,902,20181029,6.2,2.2,26,NA,22.5,NA,NA,0,0,37.331,0,662,7580,432.07,121.71,7.6269,24.065,286.32,0.3312,2.35,37.54,376.92,375.05,89.098,1.6777,21.269,264.72,0.1946,NA,NA,NA,NA,NA,NA,NA,NA,NA,NA,NA,NA,NA,NA,NA,NA,NA,NA,NA,NA,NA,NA,NA,NA,NA,NA,NA,NA,NA,NA,NA,NA,NA,NA
FS2,basil,2,209,75,903,20181029,6.2,2.2,26,NA,19.5,NA,NA,0,0,34.079,0,662,6884,394.43,111.91,6.8935,21.886,260.64,0.2839,2.33,37.81,344.01,342.33,81.945,1.5154,19.353,241.06,0.1666,NA,NA,NA,NA,NA,NA,NA,NA,NA,NA,NA,NA,NA,NA,NA,NA,NA,NA,NA,NA,NA,NA,NA,NA,NA,NA,NA,NA,NA,NA,NA,NA,NA,NA
FS2,basil,2,209,75,904,20181029,6.2,2.2,26,NA,22,NA,NA,0,0,32.538,0,662,6724,376.6,106.71,6.4196,22.02,247.89,0.2877,2.32,38.61,328.52,326.96,78.139,1.3887,19.459,229.39,0.1693,NA,NA,NA,NA,NA,NA,NA,NA,NA,NA,NA,NA,NA,NA,NA,NA,NA,NA,NA,NA,NA,NA,NA,NA,NA,NA,NA,NA,NA,NA,NA,NA,NA,NA
FS2,basil,2,209,75,905,20181029,6.2,2.2,26,NA,24,NA,NA,0,0,36.5,0,662,7725,422.46,126.82,7.1746,26.128,269.53,0.2723,2.13,37.57,367.02,365.32,92.866,1.5487,23.075,249.41,0.161,NA,NA,NA,NA,NA,NA,NA,NA,NA,NA,NA,NA,NA,NA,NA,NA,NA,NA,NA,NA,NA,NA,NA,NA,NA,NA,NA,NA,NA,NA,NA,NA,NA,NA
FS2,basil,2,209,75,906,20181029,6.2,2.2,26,NA,12,NA,NA,0,0,19.76,0,662,4116,228.71,66.97,3.9852,13.828,147.92,0.1668,2.21,37.12,198.95,197.97,49.03,0.8814,12.219,136.74,0.0992,NA,NA,NA,NA,NA,NA,NA,NA,NA,NA,NA,NA,NA,NA,NA,NA,NA,NA,NA,NA,NA,NA,NA,NA,NA,NA,NA,NA,NA,NA,NA,NA,NA,NA
FS2,basil,2,209,75,907,20181029,6.2,2.2,26,NA,22,NA,NA,0,0,41.288,0,664,8415,477.87,135,8.1835,26.266,316.62,0.3094,2.35,38.69,416.71,414.63,98.838,1.892,23.207,292.62,0.1824,NA,NA,NA,NA,NA,NA,NA,NA,NA,NA,NA,NA,NA,NA,NA,NA,NA,NA,NA,NA,NA,NA,NA,NA,NA,NA,NA,NA,NA,NA,NA,NA,NA,NA
FS2,basil,2,209,75,908,20181029,6.2,2.2,26,NA,24,NA,NA,0,0,29.512,0,662,6127,341.57,95,5.8369,20.174,226.42,0.2349,2.38,38.79,298.2,296.78,69.539,1.2827,17.842,209.43,0.1395,NA,NA,NA,NA,NA,NA,NA,NA,NA,NA,NA,NA,NA,NA,NA,NA,NA,NA,NA,NA,NA,NA,NA,NA,NA,NA,NA,NA,NA,NA,NA,NA,NA,NA
FS2,basil,2,209,75,909,20181029,6.2,2.2,26,NA,22.5,NA,NA,0,0,39.7,0,663,8235,459.49,134.75,8.3408,26.801,297.97,0.3238,2.21,35.72,399.76,397.76,98.643,1.8045,23.671,275.49,0.1904,NA,NA,NA,NA,NA,NA,NA,NA,NA,NA,NA,NA,NA,NA,NA,NA,NA,NA,NA,NA,NA,NA,NA,NA,NA,NA,NA,NA,NA,NA,NA,NA,NA,NA
FS2,basil,2,209,75,910,20181029,6.2,2.2,26,NA,21,NA,NA,0,0,37.238,0,662,7814,431,125.47,7.3849,25.939,279.61,0.2977,2.23,37.86,375.23,373.42,91.872,1.6409,22.928,258.66,0.1771,NA,NA,NA,NA,NA,NA,NA,NA,NA,NA,NA,NA,NA,NA,NA,NA,NA,NA,NA,NA,NA,NA,NA,NA,NA,NA,NA,NA,NA,NA,NA,NA,NA,NA
FS2,basil,2,209,75,911,20181029,6.2,2.2,26,NA,14,NA,NA,0,0,23.741,0,662,5241,274.78,79.377,4.8878,18.694,176.72,0.1863,2.23,36.16,239.24,238.07,58.11,1.0584,16.535,163.45,0.1101,NA,NA,NA,NA,NA,NA,NA,NA,NA,NA,NA,NA,NA,NA,NA,NA,NA,NA,NA,NA,NA,NA,NA,NA,NA,NA,NA,NA,NA,NA,NA,NA,NA,NA
FS2,basil,2,209,75,912,20181029,6.2,2.2,26,NA,21.5,NA,NA,0,0,33.513,0,662,6959,387.88,112.76,6.7445,23.294,251.85,0.2693,2.23,37.34,337.56,335.92,82.556,1.4763,20.596,232.8,0.1586,NA,NA,NA,NA,NA,NA,NA,NA,NA,NA,NA,NA,NA,NA,NA,NA,NA,NA,NA,NA,NA,NA,NA,NA,NA,NA,NA,NA,NA,NA,NA,NA,NA,NA
FS2,basil,2,209,75,913,20181029,6.2,2.2,26,NA,23,NA,NA,0,0,33.758,0,662,6798,390.71,109.07,6.6631,21.471,260.19,0.3106,2.39,39.05,341.09,339.43,79.832,1.4735,18.989,240.64,0.183,NA,NA,NA,NA,NA,NA,NA,NA,NA,NA,NA,NA,NA,NA,NA,NA,NA,NA,NA,NA,NA,NA,NA,NA,NA,NA,NA,NA,NA,NA,NA,NA,NA,NA
FS2,basil,2,209,75,914,20181029,6.2,2.2,26,NA,22,NA,NA,0,0,35.091,0,662,7079,406.15,112.2,6.8093,22.405,271.57,0.2344,2.42,39.88,354.71,353.03,82.123,1.5492,19.809,251.13,0.1372,NA,NA,NA,NA,NA,NA,NA,NA,NA,NA,NA,NA,NA,NA,NA,NA,NA,NA,NA,NA,NA,NA,NA,NA,NA,NA,NA,NA,NA,NA,NA,NA,NA,NA
FS2,basil,2,209,75,915,20181029,6.2,2.2,26,NA,22,NA,NA,0,0,36.617,0,662,7401,423.81,121.51,7.3928,23.416,278.91,0.3006,2.3,37.73,369.28,367.47,88.948,1.6413,20.69,257.87,0.1775,NA,NA,NA,NA,NA,NA,NA,NA,NA,NA,NA,NA,NA,NA,NA,NA,NA,NA,NA,NA,NA,NA,NA,NA,NA,NA,NA,NA,NA,NA,NA,NA,NA,NA
FS2,basil,2,209,75,916,20181029,6.2,2.2,26,NA,23,NA,NA,0,0,35.266,0,662,7225,408.17,115.94,6.7674,23.428,268.83,0.2366,2.32,39.72,355.87,354.21,84.877,1.5243,20.707,248.66,0.1409,NA,NA,NA,NA,NA,NA,NA,NA,NA,NA,NA,NA,NA,NA,NA,NA,NA,NA,NA,NA,NA,NA,NA,NA,NA,NA,NA,NA,NA,NA,NA,NA,NA,NA
FS2,basil,2,209,75,917,20181029,6.2,2.2,26,NA,20.5,NA,NA,0,0,34.193,0,662,7089,395.75,114.11,6.6886,23.45,258.21,0.2855,2.26,38.6,344.71,343.07,83.546,1.4709,20.729,238.82,0.1676,NA,NA,NA,NA,NA,NA,NA,NA,NA,NA,NA,NA,NA,NA,NA,NA,NA,NA,NA,NA,NA,NA,NA,NA,NA,NA,NA,NA,NA,NA,NA,NA,NA,NA
FS2,basil,2,209,75,918,20181029,6.2,2.2,26,NA,24,NA,NA,0,0,32.687,0,662,6742,378.33,111.08,6.2846,22.411,244.85,0.2717,2.2,38.96,329,327.42,81.335,1.4106,19.81,226.31,0.1607,NA,NA,NA,NA,NA,NA,NA,NA,NA,NA,NA,NA,NA,NA,NA,NA,NA,NA,NA,NA,NA,NA,NA,NA,NA,NA,NA,NA,NA,NA,NA,NA,NA,NA
FS2,basil,2,210,150,1001,20181029,6.1,2.2,26,NA,23,NA,NA,0,0,29.518,0,663,5445,341.65,91.708,6.2008,16.121,233.84,0.2824,2.55,37.71,298.49,296.95,67.151,1.3685,14.233,215.59,0.1666,NA,NA,NA,NA,NA,NA,NA,NA,NA,NA,NA,NA,NA,NA,NA,NA,NA,NA,NA,NA,NA,NA,NA,NA,NA,NA,NA,NA,NA,NA,NA,NA,NA,NA
FS2,basil,2,210,150,1002,20181029,6.1,2.2,26,NA,26,NA,NA,0,0,36.876,0,663,7162,426.81,117.95,7.7181,22.405,286.48,0.3012,2.43,37.12,372.24,370.32,86.364,1.7286,19.801,264.2,0.1785,NA,NA,NA,NA,NA,NA,NA,NA,NA,NA,NA,NA,NA,NA,NA,NA,NA,NA,NA,NA,NA,NA,NA,NA,NA,NA,NA,NA,NA,NA,NA,NA,NA,NA
FS2,basil,2,210,150,1003,20181029,6.1,2.2,26,NA,12,NA,NA,0,0,25.791,0,663,4972,298.51,83.708,5.2451,15.567,199.25,0.2151,2.38,37.99,260.17,258.88,61.295,1.1572,13.747,183.87,0.1264,NA,NA,NA,NA,NA,NA,NA,NA,NA,NA,NA,NA,NA,NA,NA,NA,NA,NA,NA,NA,NA,NA,NA,NA,NA,NA,NA,NA,NA,NA,NA,NA,NA,NA
FS2,basil,2,210,150,1004,20181029,6.1,2.2,26,NA,27,NA,NA,0,0,36.779,0,663,7369,425.68,121.44,7.3094,24.16,280.11,0.2422,2.31,38.32,370.46,368.65,88.902,1.6574,21.343,258.45,0.1445,NA,NA,NA,NA,NA,NA,NA,NA,NA,NA,NA,NA,NA,NA,NA,NA,NA,NA,NA,NA,NA,NA,NA,NA,NA,NA,NA,NA,NA,NA,NA,NA,NA,NA
FS2,basil,2,210,150,1005,20181029,6.1,2.2,26,NA,18,NA,NA,0,0,26.997,0,663,5343,312.47,87.746,5.3673,17.324,207.41,0.2223,2.36,38.64,272.25,270.91,64.23,1.2069,15.314,191.39,0.1313,NA,NA,NA,NA,NA,NA,NA,NA,NA,NA,NA,NA,NA,NA,NA,NA,NA,NA,NA,NA,NA,NA,NA,NA,NA,NA,NA,NA,NA,NA,NA,NA,NA,NA
FS2,basil,2,210,150,1006,20181029,6.1,2.2,26,NA,17.5,NA,NA,0,0,25.181,0,663,4974,291.44,83.828,5.535,16.022,191.61,0.1964,2.29,34.62,253.62,252.32,61.355,1.1856,14.14,176.84,0.1159,NA,NA,NA,NA,NA,NA,NA,NA,NA,NA,NA,NA,NA,NA,NA,NA,NA,NA,NA,NA,NA,NA,NA,NA,NA,NA,NA,NA,NA,NA,NA,NA,NA,NA
FS2,basil,2,210,150,1007,20181029,6.1,2.2,26,NA,21,NA,NA,0,0,29.515,0,663,5850,341.6,90.623,6.1199,19.056,231.94,0.2331,2.56,37.9,298.59,297.07,66.342,1.3787,16.845,213.91,0.1387,NA,NA,NA,NA,NA,NA,NA,NA,NA,NA,NA,NA,NA,NA,NA,NA,NA,NA,NA,NA,NA,NA,NA,NA,NA,NA,NA,NA,NA,NA,NA,NA,NA,NA
FS2,basil,2,210,150,1008,20181029,6.1,2.2,26,NA,23,NA,NA,0,0,36.995,0,663,7432,428.18,118,7.8915,24.391,285.82,0.3075,2.42,36.22,373.42,371.47,86.391,1.7615,21.562,263.55,0.1798,NA,NA,NA,NA,NA,NA,NA,NA,NA,NA,NA,NA,NA,NA,NA,NA,NA,NA,NA,NA,NA,NA,NA,NA,NA,NA,NA,NA,NA,NA,NA,NA,NA,NA
FS2,basil,2,210,150,1009,20181029,6.1,2.2,26,NA,24,NA,NA,0,0,38.913,0,663,7832,450.38,130.43,8.3033,25.591,294.39,0.3272,2.26,35.45,391.64,389.61,95.514,1.8226,22.612,271.53,0.1928,NA,NA,NA,NA,NA,NA,NA,NA,NA,NA,NA,NA,NA,NA,NA,NA,NA,NA,NA,NA,NA,NA,NA,NA,NA,NA,NA,NA,NA,NA,NA,NA,NA,NA
FS2,basil,2,210,150,1010,20181029,6.1,2.2,26,NA,13,NA,NA,0,0,26.859,0,663,5527,310.86,89.814,5.4613,18.844,202.22,0.2183,2.25,37.03,270.37,269.02,65.751,1.2256,16.658,186.63,0.1297,NA,NA,NA,NA,NA,NA,NA,NA,NA,NA,NA,NA,NA,NA,NA,NA,NA,NA,NA,NA,NA,NA,NA,NA,NA,NA,NA,NA,NA,NA,NA,NA,NA,NA
FS2,basil,2,210,150,1011,20181029,6.1,2.2,26,NA,15,NA,NA,0,0,26.785,0,663,5593,310.01,85.971,5.5582,19.295,204.76,0.2522,2.38,36.84,270.34,268.93,62.925,1.2657,17.061,188.96,0.1472,NA,NA,NA,NA,NA,NA,NA,NA,NA,NA,NA,NA,NA,NA,NA,NA,NA,NA,NA,NA,NA,NA,NA,NA,NA,NA,NA,NA,NA,NA,NA,NA,NA,NA
FS2,basil,2,210,150,1012,20181029,6.1,2.2,26,NA,22,NA,NA,0,0,30.824,0,663,6356,356.76,102.34,5.9125,21.569,232.87,0.2423,2.28,39.39,310.35,308.84,74.895,1.3706,19.065,214.91,0.1424,NA,NA,NA,NA,NA,NA,NA,NA,NA,NA,NA,NA,NA,NA,NA,NA,NA,NA,NA,NA,NA,NA,NA,NA,NA,NA,NA,NA,NA,NA,NA,NA,NA,NA
FS2,basil,2,210,150,1013,20181029,6.1,2.2,26,NA,18,NA,NA,0,0,25.568,0,663,5058,295.93,79.022,5.5724,16.452,200.47,0.2213,2.54,35.97,258.58,257.24,57.855,1.2071,14.536,184.87,0.1319,NA,NA,NA,NA,NA,NA,NA,NA,NA,NA,NA,NA,NA,NA,NA,NA,NA,NA,NA,NA,NA,NA,NA,NA,NA,NA,NA,NA,NA,NA,NA,NA,NA,NA
FS2,basil,2,210,150,1014,20181029,6.1,2.2,26,NA,21,NA,NA,0,0,29.319,0,663,5778,339.34,91.306,6.0396,18.68,229.37,0.2155,2.51,37.98,296.41,294.93,66.855,1.3478,16.518,211.59,0.1279,NA,NA,NA,NA,NA,NA,NA,NA,NA,NA,NA,NA,NA,NA,NA,NA,NA,NA,NA,NA,NA,NA,NA,NA,NA,NA,NA,NA,NA,NA,NA,NA,NA,NA
FS2,basil,2,210,150,1015,20181029,6.1,2.2,26,NA,20,NA,NA,0,0,28.948,0,663,5856,335.05,92.944,6.1348,19.5,222.62,0.2265,2.4,36.29,292.22,290.73,68.057,1.3449,17.241,205.46,0.1352,NA,NA,NA,NA,NA,NA,NA,NA,NA,NA,NA,NA,NA,NA,NA,NA,NA,NA,NA,NA,NA,NA,NA,NA,NA,NA,NA,NA,NA,NA,NA,NA,NA,NA
FS2,basil,2,210,150,1016,20181029,6.1,2.2,26,NA,20,NA,NA,0,0,27.871,0,663,5580,322.58,90.174,5.9558,18.421,214,0.2828,2.37,35.93,281.16,279.7,66.012,1.2946,16.278,197.43,0.1653,NA,NA,NA,NA,NA,NA,NA,NA,NA,NA,NA,NA,NA,NA,NA,NA,NA,NA,NA,NA,NA,NA,NA,NA,NA,NA,NA,NA,NA,NA,NA,NA,NA,NA
FS2,basil,2,210,150,1017,20181029,6.1,2.2,26,NA,11.5,NA,NA,0,0,19.786,0,663,4042,229.01,67.133,4.1874,13.577,148.31,0.208,2.21,35.42,199.02,197.99,49.132,0.9078,11.992,136.89,0.1218,NA,NA,NA,NA,NA,NA,NA,NA,NA,NA,NA,NA,NA,NA,NA,NA,NA,NA,NA,NA,NA,NA,NA,NA,NA,NA,NA,NA,NA,NA,NA,NA,NA,NA
FS2,basil,2,210,150,1018,20181029,6.1,2.2,26,NA,23,NA,NA,0,0,26.878,0,663,5316,311.08,88.755,5.2119,17.211,205.14,0.1911,2.31,39.36,270.69,269.39,64.956,1.1915,15.209,189.25,0.1138,NA,NA,NA,NA,NA,NA,NA,NA,NA,NA,NA,NA,NA,NA,NA,NA,NA,NA,NA,NA,NA,NA,NA,NA,NA,NA,NA,NA,NA,NA,NA,NA,NA,NA
